Name,Team,W,L,SV,G,GS,IP,K/9,BB/9,HR/9,BABIP,LOB%,GB%,HR/FB,vFA (pi),ERA,xERA,FIP,xFIP,WAR,NameASCII,PlayerId,MLBAMID
"Kevin Gausman","TOR",7,4,0,17,17,104.2,11.952229589771576,2.2356688441299353,0.7738853691219006,0.3333333333333333,0.74487896,0.43359375,0.09782609,94.60587753049221,3.009554213251836,,2.5193715518132884,2.8548017640724037,3.533616629862609,"Kevin Gausman",14107,592332
"Zack Wheeler","PHI",7,4,0,17,17,98.1,10.250847689599292,2.013559367599861,0.6406779805999557,0.32592592592592595,0.67425569,0.4,0.06796117,96.0706000745382,4.027118735199722,,2.7872437387415476,3.593635933161329,3.445211189093035,"Zack Wheeler",10310,554430
"Zac Gallen","ARI",10,2,0,17,17,104.1,9.316294298726,1.897763653444185,0.6038338897322407,0.30141843971631205,0.71292776,0.38675958,0.06542056,93.40016043526786,3.0191694486612035,,2.718299124179523,3.541704629695105,3.347783269835812,"Zac Gallen",19291,668678
"Framber Valdez","HOU",7,6,0,16,16,105,9.428571428571429,2.057142857142857,0.6,0.2893772893772894,0.76775432,0.56521739,0.11290323,96.06809997558594,2.4857142857142858,,2.826468930925642,2.9360671094485693,3.132415461423956,"Framber Valdez",17295,664285
"Nathan Eovaldi","TEX",10,3,0,17,17,112.1,8.492581770605637,2.163204790625964,0.6409495675928782,0.26573426573426573,0.77821012,0.51712329,0.08421053,95.73976460118448,2.643916966320623,,3.094802967598851,3.5672221160544058,2.997460933265609,"Nathan Eovaldi",9132,543135
"Justin Steele","CHC",9,2,0,15,15,85.1,8.015625119442122,2.0039062798605305,0.3164062547148206,0.2773109243697479,0.7545045,0.51260504,0.03797468,,2.425781286146958,,2.774571602337528,3.8481824217972096,2.716165627971766,"Justin Steele",17312,657006
"Sonny Gray","MIN",4,2,0,16,16,87.2,9.136882294935551,3.387832761043519,0.30798479645850174,0.3155737704918033,0.79963235,0.47736626,0.04054054,92.79583328340682,2.669201569307015,,2.7987665869659564,3.749504586625266,2.6160611302612846,"Sonny Gray",12768,543243
"Marcus Stroman","CHC",9,6,0,18,18,107.2,7.6904026584307,3.0928793300210424,0.41795666621905975,0.2542372881355932,0.73451327,0.59666667,0.08196721,92.19906168135385,2.7585139970457946,,3.2643282854130495,3.5973418257027197,2.5711112608591313,"Marcus Stroman",13431,573186
"George Kirby","SEA",7,7,0,16,16,101,7.663366553713541,0.8019802207374636,0.980198047568011,0.2901023890784983,0.75327511,0.45847176,0.10091743,95.92802148116262,3.2079208829498542,,3.29464432101497,3.6631130560125986,2.405286100533108,"George Kirby",25436,669923
"Jesús Luzardo","MIA",6,5,0,17,17,97,10.391752883825191,2.226804189391112,1.0206185868042599,0.3142857142857143,0.75301205,0.41106719,0.10891089,96.88528140458524,3.525773299869261,,3.2550403594970705,3.502344770388881,2.393872321842889,"Jesus Luzardo",19959,666200
"Gerrit Cole","NYY",8,1,0,17,17,103.2,9.810289629731736,2.691318393997202,0.8681672238700652,0.2889733840304182,0.81481481,0.36397059,0.09259259,97.05428102908628,2.7781351163842087,,3.370795989346413,3.8392396287476345,2.3557160358717253,"Gerrit Cole",13125,543037
"Spencer Strider","ATL",9,2,0,16,16,91.2,14.334545553967185,3.141818203609246,1.2763636452162561,0.31666666666666665,0.74031891,0.30051813,0.13684211,97.2814674831081,3.7309091167859796,,3.0914039947257552,2.9612412660985488,2.3490858431298918,"Spencer Strider",27498,675911
"Mitch Keller","PIT",9,3,0,17,17,105,10.114285806149853,2.40000002179827,0.8571428649279537,0.28888888888888886,0.73148148,0.47670251,0.11111111,95.64215632059488,3.3428571732190195,,3.216945121055828,3.3960085308299126,2.343213145843077,"Mitch Keller",17594,656605
"Pablo López","MIN",4,5,0,17,17,102,11.117647474612347,2.6470589225267496,1.0588235690106997,0.30120481927710846,0.69679849,0.40384615,0.11009174,94.98813097649361,4.235294276042799,,3.3726874227204817,3.6100927372909952,2.324090252364399,"Pablo Lopez",17085,641154
"Clayton Kershaw","LAD",10,4,0,16,16,95.1,9.91258754480252,2.2657342959548616,1.1328671479774308,0.2711864406779661,0.84507042,0.47154472,0.14634146,91.38508907809664,2.5489510829492192,,3.5067886146031664,3.2925387217864905,2.3088307233212038,"Clayton Kershaw",2036,477132
"Joe Ryan","MIN",8,5,0,16,16,96.2,9.77586213326199,1.3965517333231414,1.2103448355467226,0.26506024096385544,0.73264781,0.34230769,0.104,92.56902901785715,3.4448276088637493,,3.358488636039526,3.7481676307793474,2.2600331856516505,"Joe Ryan",21390,657746
"Jordan Montgomery","STL",5,7,0,16,16,92,8.315217649891615,2.250000069970672,0.8804348099885239,0.3148148148148148,0.73308271,0.46570397,0.1011236,93.69919934575957,3.5217392399540954,,3.4941708017161757,3.821869791271773,2.253098630605816,"Jordan Montgomery",16511,656756
"Zach Eflin","TBR",9,3,0,15,15,90.1,9.06642079182897,1.4944649656860938,0.9963099771240626,0.28451882845188287,0.7625,0.52674897,0.12987013,93.06990753976922,3.287822924509406,,3.2107599160693345,3.1809601192014387,2.214516093832999,"Zach Eflin",13774,621107
"Hunter Brown","HOU",6,5,0,16,16,91,10.186813613841869,2.967033091410253,0.8901099274230759,0.32751091703056767,0.72106262,0.55696203,0.17307692,96.07614261539838,3.7582419157863205,,3.397897508342749,3.0569556391649053,2.1346455851575126,"Hunter Brown",25880,686613
"Reid Detmers","LAA",1,5,0,14,14,76.1,11.082969893866538,3.4192141161928684,0.8253275452879337,0.3263157894736842,0.70175439,0.34358974,0.09210526,94.83683648510514,3.7729259213162685,,3.241939922270278,3.6959320804809055,2.0875342592573087,"Reid Detmers",27468,672282
"Logan Webb","SFG",7,7,0,17,17,110.1,8.646525854144373,1.7129909711040738,1.0604229821120457,0.3010033444816054,0.74448529,0.61038961,0.17808219,92.79841935007195,3.4259819422081477,,3.517880243952193,3.080067649367183,2.054545923726091,"Logan Webb",17995,657277
"Sandy Alcantara","MIA",3,6,0,16,16,102.2,7.275974273792233,2.7175325600910747,0.7012987251847935,0.29372937293729373,0.62086093,0.48859935,0.08333333,98.04422174389573,4.821428735645456,,3.6738715425935444,4.206875798207413,2.0045251959260746,"Sandy Alcantara",18684,645261
"Shohei Ohtani","LAA",7,3,0,16,16,95.1,11.989510529489818,3.6818181940952988,1.1328671366447074,0.24489795918367346,0.81140351,0.44444444,0.15789474,97.02443283245128,3.020979031052553,,3.7375578436235197,3.4192508492076663,2.003740680402885,"Shohei Ohtani",19755,660271
"Braxton Garrett","MIA",4,2,0,15,15,78.2,10.41101741193186,1.7161017711975595,1.0296610627185356,0.31155778894472363,0.7591623,0.5,0.16071429,89.89542550751658,3.432203542395119,,3.1152098448068988,2.804883960943221,1.905381049066231,"Braxton Garrett",21844,666129
"Dylan Cease","CHW",3,3,0,18,18,96.2,10.706896727774007,3.910344891882681,1.0241379478740356,0.3008130081300813,0.71183533,0.4,0.1122449,95.74874123562587,4.096551791496142,,3.8136610583374537,4.010507322475285,1.9004699892131263,"Dylan Cease",18525,656302
"Aaron Nola","PHI",7,5,0,17,17,105.2,8.687697369974355,2.4700316051887876,1.4479495616623927,0.2589928057553957,0.6512605,0.40273038,0.14166667,92.45802073138836,4.514195692241577,,4.26765868039822,4.053799468380639,1.8862159444744129,"Aaron Nola",16149,605400
"Michael Wacha","SDP",8,2,0,15,15,85.2,7.66926084268438,2.6264591927001297,0.8404669416640416,0.251063829787234,0.80917874,0.33744856,0.07207207,91.99366251627605,2.8365759281161402,,3.7102932862317597,4.638566198650981,1.8816790103352334,"Michael Wacha",14078,608379
"Logan Gilbert","SEA",5,5,0,16,16,92.1,9.064982167925216,1.8519856041997753,1.1696751184419634,0.27125506072874495,0.64476886,0.42352941,0.11764706,95.48998857918433,4.191335841083702,,3.5799501146198383,3.7168657739077338,1.875117858882453,"Logan Gilbert",22250,669302
"Luis Castillo","SEA",5,6,0,16,16,94.1,10.303887064686254,2.6713781278816215,1.2402827022307528,0.2576419213973799,0.80188679,0.39583333,0.12621359,96.42790002944967,2.862190851301737,,3.742672874904033,3.756403235409206,1.813550182685801,"Luis Castillo",15689,622491
"Hunter Greene","CIN",2,4,0,14,14,73.1,12.272727645133164,3.804545569991281,1.1045454880619847,0.3390804597701149,0.76327434,0.32596685,0.10465116,98.92743118410188,3.9272728464426123,,3.555040368600326,3.898516526837059,1.811722323635473,"Hunter Greene",22182,668881
"Bailey Ober","MIN",5,4,0,13,13,76.2,8.686956701837554,1.7608696017238286,0.9391304542527086,0.25380710659898476,0.80246914,0.31372549,0.07619048,91.48142367383188,2.700000055976537,,3.3854751448099467,4.29332647882412,1.8059993441522408,"Bailey Ober",21224,641927
"Alex Cobb","SFG",5,2,0,15,15,83.2,8.498008226432898,2.258964212089758,0.6454183463113594,0.3466135458167331,0.79189687,0.57647059,0.10714286,95.15527004665799,3.1195220071715704,,3.159422826710202,3.3337777908290978,1.8031732662670028,"Alex Cobb",6562,502171
"Miles Mikolas","STL",4,5,0,17,17,99.1,6.342282082163474,1.9932886543942347,0.9060402974519248,0.3220858895705521,0.72093023,0.3761194,0.08403361,93.3319819587356,4.439597457514432,,4.000006826290876,4.671975224172025,1.782924174830038,"Miles Mikolas",9803,571945
"Eduardo Rodriguez","DET",4,4,0,11,11,67.2,8.911330258583911,2.128078867721531,0.7980295753955742,0.25287356321839083,0.83333333,0.42857143,0.09230769,92.49431041370738,2.128078867721531,,3.1368137557347633,3.572299440940826,1.7670683224581976,"Eduardo Rodriguez",13164,593958
"Merrill Kelly","ARI",9,4,0,16,16,95,9.284210712718174,3.5052632282711476,0.9473684400732831,0.26180257510729615,0.73195876,0.45228216,0.12658228,92.6053642504143,3.2210526962491626,,3.8234614235410405,3.829932882218964,1.6979873432000603,"Merrill Kelly",11156,518876
"Bryce Elder","ATL",6,1,0,16,16,96,7.4062501471489695,2.625000052154065,0.7500000149011615,0.27169811320754716,0.8463035,0.55719557,0.11267606,90.79953065852528,2.4375000484287748,,3.7550403694311782,3.89449844022757,1.6958004820117738,"Bryce Elder",27779,693821
"Charlie Morton","ATL",8,6,0,16,16,90.2,10.42279451963039,3.9705883884306243,0.8933823873968905,0.3374485596707819,0.77795786,0.4516129,0.10843373,95.17798366172642,3.573529549587562,,3.7182756714806433,3.941380778370516,1.685294787647469,"Charlie Morton",4676,450203
"Shane Bieber","CLE",5,5,0,17,17,106,7.216981326867446,2.3773585547328056,1.0188679520283452,0.27741935483870966,0.77132486,0.46875,0.12,91.54818930554745,3.4811321694301793,,3.9437196233680814,4.0317873181508705,1.6434713013807274,"Shane Bieber",19427,669456
"Blake Snell","SDP",4,7,0,16,16,87,11.793103577549195,4.344827633833914,1.1379310469565014,0.2694300518134715,0.81877729,0.41176471,0.15492958,95.3783241595644,3.206896586877413,,3.795270250476419,3.500879149898318,1.6399792935062614,"Blake Snell",13543,605483
"Kyle Gibson","BAL",8,5,0,17,17,96.2,6.889655421639178,2.886207000956953,0.7448276131501814,0.31756756756756754,0.68910256,0.45,0.07920792,92.3215672881515,4.655172582188634,,3.855040381201383,4.506645858037588,1.6154229142641066,"Kyle Gibson",10123,502043
"Lucas Giolito","CHW",6,5,0,17,17,99.1,9.785235024589628,2.6275168121583263,1.4496644480873524,0.28125,0.79317269,0.33210332,0.12307692,93.35548753004808,3.5335570922129214,,4.201349096442981,4.2711718625735156,1.604943893711933,"Lucas Giolito",15474,608337
"Cristian Javier","HOU",7,1,0,16,16,87,8.068965605691554,2.5862069249011395,1.1379310469565014,0.27385892116182575,0.75892857,0.26294821,0.08088235,92.73523412776899,3.724137971857641,,4.071132322465874,5.012004040103821,1.5949894424024365,"Cristian Javier",17606,664299
"Shane McClanahan","TBR",11,1,0,17,17,96,9.468750188127164,3.562500070780517,1.031250020489097,0.26359832635983266,0.87991718,0.42741935,0.12087912,96.93351198592276,2.53125005029142,,3.827957037546569,3.9056133891880123,1.560840057121797,"Shane McClanahan",21483,663556
"Yu Darvish","SDP",5,6,0,14,14,80,9.56250034198166,2.8125001005828416,1.1250000402331366,0.30434782608695654,0.65909091,0.44186047,0.13333333,94.93434821981691,4.837500173002487,,3.842540380507709,3.767557647154354,1.5457510649852098,"Yu Darvish",13074,506433
"Ranger Suárez","PHI",2,2,0,9,9,51,8.823529576760265,2.6470588730280795,0.529411774605616,0.3049645390070922,0.76124567,0.51748252,0.075,93.54797946419686,3.1764706476336957,,3.0001383939462185,3.5321789952285365,1.5139417422046615,"Ranger Suarez",17277,624133
"Patrick Sandoval","LAA",4,7,0,15,15,80.2,7.252066344334195,3.57024804644145,0.6694215087077718,0.31906614785992216,0.67474048,0.48648649,0.08108108,92.480541015625,4.574380309503108,,3.949255257416241,4.499024239115956,1.5056640075051728,"Patrick Sandoval",19447,663776
"José Berríos","TOR",8,6,0,17,17,101,8.46534685438352,2.4950495991867214,1.1584158853366922,0.2898550724637681,0.75367647,0.45138889,0.13,94.22592153753345,3.7425743987800826,,4.057020587807088,4.02073519430802,1.4871507905604946,"Jose Berrios",14168,621244
"Jacob deGrom","TEX",2,0,0,6,6,30.1,13.351648911346139,1.186813236564101,0.5934066182820505,0.265625,0.59405941,0.37878788,0.06666667,99.1282185006649,2.670329782269228,,1.5407545733489243,2.31879480217858,1.4664247478578027,"Jacob deGrom",10954,594798
"Taijuan Walker","PHI",9,3,0,17,17,89.1,7.757462967791322,3.324626986196281,1.1082089953987604,0.26720647773279355,0.75569358,0.46666667,0.12087912,93.52350983364892,3.9291046200501505,,4.307279203613065,4.390730806744264,1.4469737419085924,"Taijuan Walker",11836,592836
"James Paxton","BOS",4,1,0,9,9,50,10.980000209426883,2.340000044631959,1.0800000205993656,0.25217391304347825,0.81280788,0.35,0.12,95.82513777274917,2.700000051498414,,3.215040358734131,3.3083921144647936,1.4384151792241497,"James Paxton",11828,572020
"MacKenzie Gore","WSN",4,7,0,17,17,88.1,10.901887184786785,3.973585048660604,1.4264151456730374,0.34684684684684686,0.78096948,0.40517241,0.16666667,95.31803008656443,4.483019029258117,,4.251266810443319,3.7631333664441744,1.429340615067116,"MacKenzie Gore",22201,669022
"Drew Rasmussen","TBR",4,2,0,8,8,44.2,9.470149590725315,2.216417989318691,0.40298508896703467,0.29310344827586204,0.77433628,0.52586207,0.06451613,96.20815856933594,2.619403078285725,,2.538622423555675,3.1040083624611325,1.4293294923436148,"Drew Rasmussen",25385,656876
"Corbin Burnes","MIL",6,5,0,17,17,101.1,8.52631589646485,3.1085526705861426,1.1546052776462816,0.24814814814814815,0.69444444,0.41281139,0.12871287,95.54173024495442,3.9967105764678976,,4.182671950084681,4.162821888805616,1.4042687506379545,"Corbin Burnes",19361,669203
"Brayan Bello","BOS",5,5,0,13,13,73,8.260274188427708,2.712328837991188,0.8630137211790143,0.27751196172248804,0.78553616,0.57209302,0.11290323,95.93555405560662,3.0821918613536226,,3.6933965353340303,3.8510377551365527,1.396494493335891,"Brayan Bello",23920,678394
"Kyle Bradish","BAL",4,4,0,15,15,78,8.538461851650453,2.423077011954858,0.9230769569351841,0.3023255813953488,0.76036866,0.4529148,0.11111111,,3.5769232081238385,,3.6524762715108303,3.845313795050845,1.394076054430503,"Kyle Bradish",24586,680694
"Tanner Bibee","CLE",5,2,0,12,12,65,9.276923485253707,3.1846155247885863,0.8307692673361529,0.30113636363636365,0.75718016,0.38674033,0.08,95.3554825106534,3.461538613900637,,3.5935019128562438,4.301215506256917,1.3837985136576028,"Tanner Bibee",30134,676440
"Seth Lugo","SDP",3,4,0,11,11,57.2,8.271676391774397,1.8728323905904294,0.9364161952952147,0.3254437869822485,0.76576577,0.44571429,0.10909091,93.80557676373105,3.5895954152983234,,3.497814928647682,3.7221099565643203,1.378309860305542,"Seth Lugo",12447,607625
"Johan Oviedo","PIT",3,9,0,17,17,93.2,7.782918440021579,3.651245687911358,0.7686833027181806,0.3044982698961938,0.68075117,0.46075085,0.07920792,96.38753066890496,4.612099816309084,,4.013047505233054,4.6855229091527475,1.3523570753821603,"Johan Oviedo",22487,670912
"Joe Musgrove","SDP",6,2,0,12,12,66.1,8.276382068200462,2.1708543129706133,0.9497487619246432,0.3160621761658031,0.74168798,0.43718593,0.10144928,93.22920553273168,3.7989950476985728,,3.6922262975258744,4.04018516383257,1.3409184756876726,"Joe Musgrove",12970,605397
"Kodai Senga","NYM",6,5,0,15,15,81.2,11.13061259150953,5.069387912964737,0.9918367655800572,0.27918781725888325,0.76458753,0.45812808,0.12328767,96.06209295791811,3.526530722062425,,3.977489361586248,4.022730318566808,1.3386646365932737,"Kodai Senga",31838,673540
"Josiah Gray","WSN",6,6,0,17,17,95.1,8.118881227171588,4.059440613585794,1.1328671479774308,0.29056603773584905,0.83756345,0.42599278,0.11650485,93.91196597807588,3.3041958482675065,,4.534760656286391,4.684710630211567,1.3377006609982987,"Josiah Gray",24580,680686
"Jack Flaherty","STL",5,5,0,16,16,86,8.790697966864984,4.8139536485213,0.6279069976332131,0.34893617021276596,0.71856287,0.47083333,0.08955224,93.06588581364329,4.604651315976897,,4.092249689674688,4.473349324616464,1.3297618538033293,"Jack Flaherty",17479,656427
"Bryce Miller","SEA",5,3,0,11,11,59,8.389830779700548,1.8305085337528466,0.9152542668764233,0.24358974358974358,0.64516129,0.33540373,0.08571429,95.00911184457632,3.9661018231311678,,3.424531890400112,4.064101788644029,1.3037791671110124,"Bryce Miller",29837,682243
"Chris Sale","BOS",5,2,0,11,11,59,10.830508649640304,2.288135630205698,1.2203390027763723,0.31543624161073824,0.69444444,0.38064516,0.13114754,94.7628403736337,4.576271260411396,,3.678769179905533,3.6254548907549022,1.3016375051298525,"Chris Sale",10603,519242
"Max Scherzer","NYM",7,2,0,14,14,76.2,9.978261076435029,2.1130435220685944,1.5260869881606514,0.30808080808080807,0.79427083,0.33492823,0.13402062,93.8376516062063,3.873913123792423,,4.063736028436903,3.9512375930588606,1.2958747611225725,"Max Scherzer",3137,453286
"Dustin May","LAD",4,1,0,9,9,48,6.37500025331975,3.0000001192092944,0.1875000074505809,0.208955223880597,0.72368421,0.45185185,0.0212766,97.55320739746094,2.6250001043081324,,3.2342070253358948,4.58228067131302,1.2299632090131671,"Dustin May",19716,669160
"Clarke Schmidt","NYY",3,6,0,17,17,82.1,8.635628063843024,2.8421054387331472,1.2024292240794086,0.3305785123966942,0.71022727,0.43253968,0.11,,4.372469905743303,,4.165971589860259,4.4372490405663365,1.2013503943855046,"Clarke Schmidt",19899,657376
"Anthony DeSclafani","SFG",4,8,0,17,17,93.1,6.942857237446066,1.7357143093615166,1.1571428729076776,0.2892857142857143,0.65173116,0.42857143,0.12631579,93.24118472683814,4.4357143461460975,,4.09075465659706,4.10220197773796,1.1993513173261925,"Anthony DeSclafani",13050,543101
"Logan Allen","CLE",3,2,0,12,12,62.1,9.096257009219608,3.465240765416994,0.8663101913542485,0.3314917127071823,0.79903148,0.44262295,0.09230769,92.07236007011605,3.465240765416994,,3.6881954551741947,4.1609419534426255,1.1982930120814563,"Logan Allen",27589,671106
"Ryne Nelson","ARI",5,4,0,17,17,90.2,6.352941354665794,2.878676551332938,1.0919117953331834,0.3003533568904594,0.70524412,0.36206897,0.09016393,94.47961606626157,4.665441307332693,,4.4131286272746895,5.060653432002504,1.1947887994844866,"Ryne Nelson",26253,669194
"Jon Gray","TEX",6,4,0,15,15,87,7.551724303491621,2.7931035095105994,1.1379310594302443,0.2445414847161572,0.80378251,0.37552743,0.11827957,95.69858934572085,3.2068966220306883,,4.358488659550641,4.4821865141862265,1.1837320188077467,"Jon Gray",14916,592351
"Drew Smyly","CHC",7,5,0,16,16,86.1,7.401544755840234,2.814671949404033,1.3552124200834232,0.2784313725490196,0.74894515,0.33962264,0.10743802,,3.961390151013083,,4.575503743168098,4.935220697390414,1.163295686161193,"Drew Smyly",11760,592767
"Justin Verlander","NYM",3,4,0,11,11,64,7.734375,2.25,1.125,0.2826086956521739,0.74468085,0.41666667,0.10666667,94.64719562861272,3.65625,,3.9581653594970705,4.270686946157366,1.1236433154325332,"Justin Verlander",8700,434378
"Taj Bradley","TBR",5,4,0,11,11,53,12.396226861206157,2.7169812298534044,1.52830194179254,0.3359375,0.67375887,0.35294118,0.17647059,96.21876713267544,4.754717152243458,,3.6701347140580074,3.053548643782752,1.1014486031648418,"Taj Bradley",22543,671737
"Dane Dunning","TEX",5,1,0,10,10,60,6.00000019073487,2.400000076293948,0.7500000238418587,0.27932960893854747,0.79104478,0.47826087,0.09259259,90.08855874197823,3.000000095367435,,3.955040381749472,4.35972363983578,1.0516116407503255,"Dane Dunning",19409,641540
"Matt Strahm","PHI",2,3,0,9,9,32.1,11.412371919441258,2.5051548115846662,0.8350516038615554,0.2894736842105263,0.67073171,0.32911392,0.08108108,93.19074410254802,4.175258019307777,,3.038545499236667,3.7243398215731025,1.006223752538982,"Matt Strahm",13799,621381
"Eury Pérez","MIA",5,2,0,10,10,47.1,10.267605916097208,2.852112754471447,1.1408451017885788,0.2711864406779661,0.87443946,0.30081301,0.10344828,97.54601602500442,2.471831053875254,,3.571941776660564,3.9499925278103545,0.9840132961449923,"Eury Perez",27768,691587
"Rich Hill","PIT",7,7,0,16,16,89,8.089887900509606,3.3370787589602124,1.1123595863200708,0.3103448275862069,0.68100358,0.34944238,0.10784314,88.1843131012488,4.449438345280283,,4.243804436226021,4.531915444396857,0.9771768276719224,"Rich Hill",4806,448179
"Bobby Miller","LAD",4,1,0,7,7,38.1,8.217391576929227,3.286956630771691,0.46956523296738445,0.2962962962962963,0.6779661,0.49541284,0.0625,99.46184587478638,4.22608709670646,,3.359388189045378,4.061316633018039,0.9693735341723513,"Bobby Miller",27483,676272
"Tyler Anderson","LAA",4,2,0,15,15,79.2,7.117154953712299,3.9539749742846104,1.0167364219589,0.3157894736842105,0.68505338,0.30677291,0.07377049,89.95380157594256,5.196652823345488,,4.573032017591941,5.636323846110409,0.9662381823827572,"Tyler Anderson",12880,542881
"Patrick Corbin","WSN",5,9,0,17,17,96.2,6.144827626621822,2.7000000177580734,1.3965517333231414,0.32710280373831774,0.70542636,0.45317221,0.15151515,91.94443766276042,4.84137934218689,,4.837798990596632,4.51381785371815,0.9416259921178642,"Patrick Corbin",9323,571578
"Michael Lorenzen","DET",2,6,0,14,14,82,6.804878207064331,2.1951220022788163,1.207317101253349,0.27310924369747897,0.69007264,0.40983607,0.12359551,94.75335102696573,4.280487904443692,,4.291625749462067,4.342214849438307,0.9365962588020049,"Michael Lorenzen",14843,547179
"Tanner Houck","BOS",3,6,0,13,13,67.2,8.512315350916024,3.0591133292354464,1.197044346222566,0.28342245989304815,0.64516129,0.4974359,0.16363636,94.09589455344461,5.05418723960639,,4.200853176265518,3.8156464701918535,0.9206784487259667,"Tanner Houck",19879,656557
"Kyle Freeland","COL",4,8,0,17,17,90.1,5.977859925854319,2.8892989641629208,1.4944649814635798,0.2978723404255319,0.68224299,0.39795918,0.12605042,88.72016835212708,4.881918939447694,,5.048398337253366,5.067758397361982,0.9151414188658094,"Kyle Freeland",16256,607536
"Brady Singer","KCR",4,7,0,16,16,82.2,7.620967976384562,3.375000103827449,1.0887097109120802,0.3333333333333333,0.63793103,0.46387833,0.11904762,,5.8790324389252335,,4.4042339432376,4.511672019105009,0.8989848668136998,"Brady Singer",25377,663903
"Kyle Hendricks","CHC",3,3,0,7,7,41.2,4.752000072509767,1.9440000296630864,0.432000006591797,0.22137404580152673,0.6122449,0.40909091,0.03448276,87.62164115905762,2.8080000428466803,,3.615040364990235,5.292506032084896,0.8857027786210895,"Kyle Hendricks",12049,543294
"Griffin Canning","LAA",6,3,0,13,13,71.1,8.957944084915162,2.6495327575101184,1.5140187185772105,0.26595744680851063,0.74074074,0.46464646,0.16666667,94.5574742609532,4.28971970263543,,4.502703933139402,3.9845916755542814,0.8836560312331463,"Griffin Canning",19867,656288
"Matthew Boyd","DET",5,5,0,15,15,71,9.25352163170333,3.169014257432648,1.394366273270365,0.3020833333333333,0.62034739,0.3880597,0.12643678,91.64313000704335,5.450704522784154,,4.353631968740388,4.365485527044397,0.8692859986585663,"Matthew Boyd",15440,571510
"Zack Greinke","KCR",1,8,0,17,17,87.1,6.286259770803225,1.3396947052531463,1.5458015829843996,0.3090909090909091,0.67021277,0.43205575,0.14150943,89.61135749816894,5.152671943281332,,4.606185446846397,4.380100926235817,0.8553554123210282,"Zack Greinke",1943,425844
"Tyler Wells","BAL",6,4,0,15,15,87.2,9.547528794075529,2.05323199872592,1.9505703987896241,0.20574162679425836,0.85106383,0.31858407,0.15447154,92.6697606765835,3.3878327978977683,,4.669489069730482,4.1717202233803645,0.8429641352848963,"Tyler Wells",20000,669330
"Tony Gonsolin","LAD",4,2,0,11,11,57.1,7.220930512819255,3.453488506130948,0.9418605016720767,0.1962025316455696,0.70143885,0.37423313,0.08571429,92.33005689538044,3.2965117558522685,,4.423645056016129,5.081807106732586,0.8159774614621581,"Tony Gonsolin",19388,664062
"Freddy Peralta","MIL",5,7,0,16,16,86.2,10.073077107816056,3.634615451273835,1.5576923362602149,0.2850678733031674,0.6875,0.39224138,0.15789474,94.52527882793161,4.673077008780645,,4.616578846005999,4.17890672211677,0.7902016132172813,"Freddy Peralta",18679,642547
"Paul Blackburn","OAK",1,0,0,6,6,31,10.161290635179416,2.322580716612438,0.8709677687296642,0.35555555555555557,0.75980392,0.38709677,0.08571429,91.90960978570385,3.7741936644952117,,3.222782293988564,3.83140526072025,0.7595539908073285,"Paul Blackburn",14739,621112
"Mike Clevinger","CHW",3,4,0,12,12,62.2,7.611702320720346,3.734042647900547,1.2925532242732662,0.27472527472527475,0.81151832,0.30526316,0.09473684,94.40571389269473,3.877659672819799,,4.866742528035341,5.5061321712514655,0.7531558295366727,"Mike Clevinger",12808,605182
"Colin Rea","MIL",4,4,0,13,13,68.1,7.507317317642682,2.897561069967351,1.3170732136215233,0.2513089005235602,0.69565217,0.45226131,0.13333333,93.13156305210224,4.478048926313179,,4.586747719936611,4.498963056779298,0.7531103802707605,"Colin Rea",12317,607067
"Chris Bassitt","TOR",8,5,0,17,17,99.2,8.397993525323097,3.1605351977022407,1.444816090378167,0.2546816479400749,0.71969697,0.41637011,0.14678899,92.62794222150531,4.063545254188595,,4.800190900595943,4.5214150524849,0.752277786311016,"Chris Bassitt",12304,605135
"Edward Cabrera","MIA",5,5,0,14,14,67,11.283582410772022,5.507462843353011,1.2089552582970025,0.2857142857142857,0.73459716,0.53703704,0.17307692,96.19911345487796,4.701492671155009,,4.4639956177940725,4.000925324095113,0.7445354890316842,"Edward Cabrera",21690,665795
"Jeffrey Springs","TBR",2,0,0,3,3,16,13.5,2.25,0.5625,0.11538461538461539,1,0.5,0.11111111,92.08431570870536,0.5625,,1.8175403594970705,1.9350507210940124,0.7177779610383829,"Jeffrey Springs",17677,605488
"Nestor Cortes","NYY",5,2,0,11,11,59.1,8.949438394041563,2.8820225336744016,1.5168539650917903,0.2981366459627329,0.68181818,0.25882353,0.10309278,91.62879082141183,5.157303481312087,,4.569647129243289,5.081587367178017,0.7060937760779464,"Nestor Cortes",17874,641482
"Andrew Abbott","CIN",4,0,0,5,5,29.2,9.101123790550742,3.6404495162202966,0.9101123790550741,0.18571428571428572,1,0.22222222,0.06976744,92.97175407409668,1.2134831720734323,,3.7606583478610007,4.842482823400122,0.6949728137639788,"Andrew Abbott",29911,671096
"Garrett Whitlock","BOS",4,3,0,9,9,50.2,8.17105288791195,1.243421091638775,1.598684260678425,0.34459459459459457,0.69148936,0.44585987,0.15517241,,5.151315951074925,,4.281356181167171,3.8647983074896572,0.6907568997397975,"Garrett Whitlock",20191,676477
"Lance Lynn","CHW",5,8,0,17,17,96,10.875000324100265,3.375000100582841,2.0625000614672917,0.33858267716535434,0.63139932,0.38827839,0.20952381,92.74707505967882,6.468750192783778,,5.067540413513782,3.8967271928371043,0.6875053162130467,"Lance Lynn",2520,458681
"Luis Garcia","HOU",2,2,0,6,6,27,10.333333333333334,3.3333333333333335,1,0.3142857142857143,0.75471698,0.26388889,0.09375,92.98370339987162,4,,3.6254107298674407,4.140494290104619,0.6865347061015534,"Luis Garcia",23735,677651
"Zach Davies","ARI",1,4,0,9,9,42.2,6.960937914904232,4.21875025145711,0.6328125377185665,0.3333333333333333,0.54012346,0.45714286,0.06382979,89.68397926797672,6.539062889758521,,4.028477905597541,4.93568575113202,0.6800537197338222,"Zach Davies",13183,605200
"Vince Velasquez","PIT",4,4,0,8,8,37.1,8.919643160944092,3.3750001149518187,0.9642857471290911,0.29245283018867924,0.76576577,0.30275229,0.08510638,93.54679045500579,3.8571429885163644,,3.8711118090517678,4.559706451317364,0.6752920574045815,"Vince Velasquez",11189,592826
"Bryan Woo","SEA",1,1,0,5,5,22.2,12.705883243917244,2.3823531082344833,1.1911765541172417,0.34545454545454546,0.67226891,0.36206897,0.11538462,95.20857319078948,4.367647365096553,,2.9462168084296376,3.1221203032367333,0.6664356977846158,"Bryan Woo",30279,693433
"Max Fried","ATL",2,1,0,5,5,26,8.65384647126735,2.0769231531041643,0.6923077177013881,0.2857142857142857,0.79365079,0.60869565,0.11111111,94.21106132671987,2.0769231531041643,,3.0242711202632746,3.1688992629182855,0.6523129670445987,"Max Fried",13743,608331
"Wade Miley","MIL",5,2,0,11,11,56.2,5.400000060586369,2.223529436712034,1.111764718356017,0.23076923076923078,0.82375479,0.39884393,0.09859155,90.08343128022693,3.017647092680618,,4.5079815500252804,4.973651694022755,0.6504920986033051,"Wade Miley",8779,489119
"Ryan Feltner","COL",2,3,0,8,8,35.1,8.40566113360973,6.367925101219492,0.5094340080975593,0.33653846153846156,0.64784053,0.45283019,0.05714286,94.81280065465856,5.858491093121933,,4.330512154369696,5.232417274803658,0.6485556717352384,"Ryan Feltner",21446,663372
"Martín Pérez","TEX",7,3,0,16,16,90.1,5.977859988964264,2.988929994482132,1.2952029976089237,0.2972027972027972,0.7400722,0.42662116,0.12149533,92.13947946885052,4.284132992091055,,4.826996134372858,4.914545631985129,0.6420384366955794,"Martin Perez",6902,527048
"Adrian Houser","MIL",3,2,0,8,8,41.1,6.096774381107649,2.6129033061889926,0.8709677687296642,0.34306569343065696,0.74912892,0.48571429,0.0952381,94.03672396199087,4.137096901465905,,4.029233931701216,4.45118814627656,0.6177718418230609,"Adrian Houser",12718,605288
"Marco Gonzales","SEA",4,1,0,10,10,50,6.120000233459481,3.240000123596196,0.9000000343322767,0.31645569620253167,0.62121212,0.40625,0.08928571,89.3356256415374,5.220000199127205,,4.2750403984069845,4.8267943838788625,0.6070699871506172,"Marco Gonzales",15467,594835
"Domingo Germán","NYY",5,5,0,15,15,81.1,8.631147878332133,2.7663935507474786,1.6598361304484872,0.215311004784689,0.65217391,0.39013453,0.16666667,92.579135801734,4.536885423225865,,4.841105995258959,4.2730935696423336,0.5962328472688513,"Domingo German",17149,593334
"Tyler Glasnow","TBR",2,2,0,7,7,36,14.00000074174673,3.7500001986821596,1.5000000794728638,0.35526315789473684,0.7635468,0.42682927,0.21428571,96.27821947180706,4.5000002384185915,,3.643929268990035,2.7632028087331166,0.5881623975073453,"Tyler Glasnow",14374,607192
"Mason Miller","OAK",0,2,0,4,4,21.1,9.281250138301404,2.953125044004992,0.4218750062864275,0.24528301886792453,0.69444444,0.20754717,0.03448276,98.66834852430556,3.37500005029142,,3.0675403567031028,4.705690421639384,0.5801655327047347,"Mason Miller",31757,695243
"Aaron Civale","CLE",2,2,0,7,7,39.2,7.487395438019275,3.4033615627360345,0.9075630833962759,0.2719298245614035,0.81081081,0.4017094,0.09090909,92.12327159534802,3.1764707918869655,,4.0365530146438635,4.5595986912147675,0.5752630271090118,"Aaron Civale",19479,650644
"Bailey Falter","PHI",0,6,0,7,7,36,6.500000344382411,2.0000001059638186,1.5000000794728638,0.3185840707964602,0.625,0.40336134,0.13043478,90.8605719778605,5.750000304645979,,4.643929321971944,4.5898787824889515,0.5490727552228536,"Bailey Falter",20070,663559
"Jake Irvin","WSN",1,4,0,10,10,47.2,6.986014358734684,4.720279972118029,0.9440559944236059,0.2907801418439716,0.68115942,0.41666667,0.08333333,93.82481811523438,4.720279972118029,,4.954341149459561,5.671846892013098,0.5474939494728885,"Jake Irvin",21504,663623
"Graham Ashcraft","CIN",3,6,0,15,15,75.2,7.017621381234371,3.8061675288050827,1.5462555585770648,0.31645569620253167,0.63670412,0.47983871,0.18309859,,6.6607931754088945,,5.39600959444993,4.713912318623437,0.5260318168521775,"Graham Ashcraft",27552,668933
"Cristopher Sánchez","PHI",0,2,0,4,4,19.1,9.31034498067305,1.86206899613461,0.931034498067305,0.3076923076923077,0.72916667,0.50943396,0.11764706,,3.2586207432355674,,3.1515920819340364,3.2605737984062633,0.5238282349565245,"Cristopher Sanchez",20778,650911
"Kenta Maeda","MIN",1,5,0,6,6,26,9,2.423076923076923,1.0384615384615385,0.36363636363636365,0.59171598,0.33333333,0.08108108,90.26712683475378,6.230769230769231,,3.562732667189378,4.415579393964547,0.5081100595566336,"Kenta Maeda",18498,628317
"Kris Bubic","KCR",0,2,0,3,3,16,9,1.125,0.5625,0.375,0.72815534,0.52083333,0.05882353,91.79916599818638,3.9375,,2.6300403594970705,3.574226598069072,0.49752210190893303,"Kris Bubic",21455,663460
"Trevor Williams","WSN",4,4,0,16,16,80,6.975000249445447,2.8125001005828416,1.8000000643730187,0.2938775510204082,0.75593952,0.39534884,0.15384615,90.29330933186722,4.275000152885919,,5.317540433257822,4.866897697276736,0.4898443418938978,"Trevor Williams",16977,592866
"Luke Weaver","CIN",1,2,0,13,13,64.2,7.654639702064258,2.7835053462051844,1.9484537423436292,0.3431372549019608,0.64814815,0.35779817,0.15730337,93.99852800369263,6.9587633655129615,,5.389061124921046,4.850117367750975,0.46934833624526884,"Luke Weaver",16918,596133
"Osvaldo Bido","PIT",0,1,0,4,4,19,8.526316217438357,2.8421054058127857,0.47368423430213097,0.3442622950819672,0.70945946,0.37704918,0.04761905,93.90533198142538,4.736842343021309,,3.465566685853573,4.608744997599484,0.4556184660590806,"Osvaldo Bido",23150,674370
"Kutter Crawford","BOS",3,3,0,8,8,35.2,9.336448764559465,2.0186916247696143,1.7663551716734123,0.336734693877551,0.68877551,0.4,0.1627907,94.28974894023263,5.299065515020237,,4.488685241300724,3.9305765982638787,0.44622764972033946,"Kutter Crawford",20531,676710
"J.P. France","HOU",3,3,0,10,10,60.1,6.563536257429611,2.983425571558914,1.3425415072015112,0.25142857142857145,0.84690554,0.46195652,0.13432836,93.30863403921644,3.1325968501368595,,4.779902318293849,4.676718349011721,0.43607785966622725,"J.P. France",21212,641585
"Andrew Heaney","TEX",5,5,0,15,15,78,9.346154303240375,3.9230771149404045,1.6153846943872254,0.271356783919598,0.74944072,0.37440758,0.15730337,92.47987889419367,4.38461559905104,,5.088373782492096,4.641557172198384,0.4089615791959789,"Andrew Heaney",15423,571760
"Steven Matz","STL",0,6,0,10,10,50.1,8.046358124079807,3.576159166257692,1.4304636665030768,0.379746835443038,0.71979434,0.45180723,0.17021277,,5.721854666012307,,4.784841780618416,4.262474842375287,0.3955462735751567,"Steven Matz",13361,571927
"Brandon Williamson","CIN",1,2,0,9,9,43.2,7.0076339959084315,3.7099238801868166,1.6488550578608074,0.2734375,0.62992126,0.34558824,0.13559322,92.47814220518578,5.5648858202802245,,5.384811475900613,5.237050096678027,0.3883212656626216,"Brandon Williamson",25463,682227
"Matthew Liberatore","STL",1,3,0,7,7,30.2,6.1630436060333995,4.1086957373556,0.5869565339079429,0.33653846153846156,0.61302682,0.43809524,0.05714286,94.32576497395833,5.282608805171486,,4.494170819969394,5.533322299825771,0.374312349040111,"Matthew Liberatore",22294,669461
"Cal Quantrill","CLE",2,5,0,12,12,62.2,5.026595948669594,3.159574596306602,1.0053191897339189,0.3023255813953488,0.61659193,0.38914027,0.08641975,94.13263528388843,6.175532165508358,,4.882700000018653,5.567617454462187,0.36486055492021513,"Cal Quantrill",19312,615698
"Carlos Hernández","KCR",0,0,0,4,4,7,12.857142857142858,1.2857142857142858,0,0.3125,0.5,0.375,0,99.28310171274039,3.857142857142857,,0.8264689309256421,2.4798206848757607,0.36153175273095983,"Carlos Hernandez",22713,672578
"Tyler Mahle","MIN",1,2,0,5,5,25.2,9.818182061385665,1.7532467966760115,1.7532467966760115,0.265625,0.8,0.37681159,0.16129032,92.7834797430476,3.1558442340168207,,4.190105317724276,3.6545431371509944,0.35923932132108316,"Tyler Mahle",16358,641816
"David Peterson","NYM",2,6,0,9,9,45,10.000000211927631,3.4000000720553945,1.6000000339084208,0.3923076923076923,0.63829787,0.55147059,0.24242424,93.10143991023936,7.000000148349341,,4.5439292757010765,3.445276094203223,0.3529021018523998,"David Peterson",20302,656849
"JP Sears","OAK",1,6,0,16,16,87.1,8.75954220792463,2.0610687548057953,1.9580153170655055,0.24553571428571427,0.74270557,0.25311203,0.13669065,93.07265356163973,4.43129782283246,,5.098551856851143,4.901787277017762,0.3443679623550793,"JP Sears",23429,676664
"Daniel Lynch IV","KCR",2,3,0,7,7,41.1,6.096774240438202,2.8306451830605934,1.3064516229510432,0.25196850393700787,0.71100917,0.37121212,0.1,92.99610041595564,4.137096806011637,,4.803427468179789,5.316357437536157,0.34303858840111834,"Daniel Lynch IV",21537,663738
"Triston McKenzie","CLE",0,1,0,2,2,10,13.5,3.6,0.9,0.3181818181818182,0.66037736,0.39130435,0.09090909,92.85345660199175,4.5,,2.7550403594970705,3.2737272888422013,0.3390131504748018,"Triston McKenzie",18000,663474
"Yusei Kikuchi","TOR",7,3,0,17,17,88.1,9.373585242994245,2.750943495226572,2.139622718509556,0.2782608695652174,0.86124402,0.36947791,0.19444444,95.38191880410483,4.075471844780107,,5.2135309960164,4.144421403880607,0.33802533384003286,"Yusei Kikuchi",20633,579328
"James Kaprielian","OAK",2,6,0,11,11,58.1,8.331428889247361,4.474285884966176,1.388571481541227,0.30538922155688625,0.65920398,0.30635838,0.10227273,92.48947121808195,5.862857366507402,,5.10646900155204,5.594953951859584,0.3327075924886737,"James Kaprielian",18331,621076
"Roansy Contreras","PIT",3,5,0,11,11,54.1,6.957055503468498,4.1411044663502965,1.159509250578083,0.32727272727272727,0.64766839,0.35882353,0.09859155,94.37991221163286,6.12883461019844,,4.819457602340516,5.305125865389491,0.330317636212646,"Roansy Contreras",22810,672710
"Brandon Woodruff","MIL",1,0,0,2,2,11.1,9.52941203199869,2.3823530079996726,0.7941176693332243,0.23076923076923078,1,0.44444444,0.09090909,96.70994857594937,0.7941176693332243,,3.0785697663119094,3.536234716806534,0.3271459138941997,"Brandon Woodruff",16162,605540
"Emmet Sheehan","LAD",2,0,0,3,3,17,6.352941176470588,2.1176470588235294,1.0588235294117647,0.17777777777777778,0.80357143,0.34042553,0.07692308,95.5148759321733,2.6470588235294117,,4.078569771261776,5.077813630244311,0.3160877853145339,"Emmet Sheehan",29839,686218
"Reese Olson","DET",1,2,0,5,5,21.1,11.390625678934198,2.531250150874266,1.687500100582844,0.2962962962962963,0.53921569,0.44827586,0.2,95.13319156044408,5.484375326894243,,4.005040404200557,3.117557620630697,0.30106937019876884,"Reese Olson",24968,681857
"Jared Shuster","ATL",4,2,0,9,9,45,5.000000317891459,4.400000279744484,0.8000000508626335,0.2695035460992908,0.67340067,0.35211268,0.05882353,91.68244073695483,5.000000317891459,,4.832818237587264,6.175660973376419,0.2902179660638398,"Jared Shuster",27472,694363
"Kolby Allard","ATL",0,0,0,1,1,4.2,15.428573530547759,1.9285716913184698,0,0.3333333333333333,1,0.55555556,0,90.43049422554348,0,,0.4693256942592807,1.177905113917045,0.2779735535818111,"Kolby Allard",18694,663465
"Alex Faedo","DET",1,3,0,5,5,26,9.000000330118045,0.6923077177013881,2.0769231531041643,0.2318840579710145,0.44871795,0.34666667,0.17647059,93.12889467935426,5.538461741611105,,4.485809635410649,3.6478849752259115,0.27240109919517086,"Alex Faedo",19874,656412
"Julio Urías","LAD",5,5,0,11,11,58.1,8.48571460941861,2.005714362226217,2.160000082397464,0.28125,0.75367647,0.37647059,0.18666667,93.22212543746465,4.937143045479918,,5.260754721723288,4.266492653159638,0.27157640202409455,"Julio Urias",14765,628711
"Ryan Yarbrough","KCR",1,2,0,3,3,13.1,6.075000579357202,2.70000025749209,0.6750000643730225,0.2894736842105263,0.6626506,0.42105263,0.05555556,87.63172496448864,4.725000450611158,,4.230040452480326,5.4870654401922305,0.26843138249100645,"Ryan Yarbrough",16502,642232
"Trevor Rogers","MIA",1,2,0,4,4,18,9.500000503328138,3.0000001589457277,1.0000000529819093,0.2857142857142857,0.72072072,0.52,0.10526316,93.37605736960828,4.000000211927637,,4.088373736981995,4.38913393764197,0.2602084968720582,"Trevor Rogers",22286,669432
"Jameson Taillon","CHC",2,6,0,13,13,58.2,8.130682302808248,3.0681820010597165,1.8409092006358299,0.3390804597701149,0.59055118,0.32432432,0.13953488,93.95277103376978,6.9034095023843625,,5.232313204624443,4.996885648086929,0.2462069560217257,"Jameson Taillon",11674,592791
"Germán Márquez","COL",2,2,0,4,4,20,7.6500003647804435,1.3500000643730194,1.8000000858306926,0.26785714285714285,0.67073171,0.48275862,0.22222222,95.90068335672026,4.950000236034405,,4.60504042387009,3.4930569494016925,0.24250761713056274,"German Marquez",15038,608566
"Zach Plesac","CLE",1,1,0,5,5,21.1,5.906250088009984,2.1093750314321373,1.2656250188592824,0.40963855421686746,0.58201058,0.51190476,0.125,91.4418264376063,7.593750113155695,,4.473790377657861,4.505686101327028,0.24181850535509924,"Zach Plesac",19979,668676
"Cody Bradford","TEX",0,1,0,4,4,18.2,9.160714597726365,3.3750001149518187,1.4464286206936365,0.3,0.625,0.24528302,0.10714286,90.060128749102,5.785714482774546,,4.433611828210404,4.824353758158459,0.22436324800760216,"Cody Bradford",27597,674003
"Ben Lively","CIN",3,3,0,7,7,40.2,9.516394037740366,2.8770493602470872,2.2131148924977593,0.2830188679245283,0.85365854,0.34782609,0.19607843,90.74673184481534,4.426229784995519,,5.443565086522632,4.320309429019416,0.21183731710690556,"Ben Lively",14932,594902
"Gavin Williams","CLE",0,0,0,2,2,12.2,7.1052635145319645,2.8421054058127857,0.7105263514531964,0.13333333333333333,0.69767442,0.32258065,0.06666667,95.80276788449756,2.8421054058127857,,3.886619338566579,4.818220146583497,0.20286712945220245,"Gavin Williams",30122,668909
"Julio Teheran","MIL",2,3,0,7,7,41,5.487805005697041,1.7560976018230532,1.5365854015951714,0.20353982300884957,0.86538462,0.41666667,0.12962963,88.92452744876637,2.8536586029624615,,5.059918450259653,5.017991491072379,0.1985614670398218,"Julio Teheran",6797,527054
"Tylor Megill","NYM",6,4,0,15,15,71.1,7.317757335455945,4.920560966944515,1.135514069294888,0.3271889400921659,0.67028986,0.43497758,0.11842105,94.75723010076993,5.172897426787824,,5.077470347254298,5.1987983895800065,0.19794280232279512,"Tylor Megill",21318,656731
"Hunter Gaddis","CLE",1,1,0,6,6,28.1,6.035294388503776,2.8588236577123154,1.2705882923165845,0.2808988764044944,0.65934066,0.27173913,0.08333333,93.6614775686553,5.717647315424631,,5.125628678740931,6.091306987594902,0.19644291144322495,"Hunter Gaddis",25636,683769
"Tanner Banks","CHW",0,2,0,3,3,10.1,8.709678491122153,2.6129035473366455,0.8709678491122153,0.36363636363636365,0.57692308,0.26470588,0.0625,93.0430290316358,6.967742792897722,,3.738911386781635,5.0408755531108245,0.195569485130157,"Tanner Banks",16990,621383
"Easton McGee","SEA",0,0,0,1,1,6.2,2.70000025749209,1.350000128746045,0,0.05263157894736842,1,0.47368421,0,90.0849609375,0,,3.105040345191955,4.841059852399301,0.18848105036587645,"Easton McGee",22176,668834
"Jalen Beeks","TBR",0,1,0,7,7,14.1,9.418605486723921,3.7674421946895684,1.2558140648965228,0.21621621621621623,0.98484848,0.39473684,0.11111111,94.77188232421875,1.8837210973447842,,4.2317846321943655,4.4941333697312835,0.18644439370842866,"Jalen Beeks",17192,656222
"Calvin Faucher","TBR",0,1,0,4,4,8,7.875000938773267,5.625000670552334,0,0.3333333333333333,0.5,0.66666667,0,94.96461995442708,7.875000938773267,,3.3800403743982335,4.6200543376820065,0.18515072260171134,"Calvin Faucher",20116,676534
"Jordan Lyles","KCR",1,11,0,16,16,91.2,6.283636472591685,2.9454545965273526,1.8654545778006568,0.25089605734767023,0.50321199,0.32881356,0.1292517,91.45166039560355,6.676363752128666,,5.567767672325955,5.5245972115483175,0.18273252911804005,"Jordan Lyles",7593,543475
"Tommy Henry","ARI",5,1,0,12,12,67,6.582090020684343,3.358209194226706,1.6119404132288189,0.2755102040816326,0.81364829,0.38164251,0.13333333,90.78899680754267,4.164179400841115,,5.329667372819347,5.2222294227179535,0.17991565717040064,"Tommy Henry",26285,674072
"Michael Kopech","CHW",3,7,0,16,16,86,10.151163015834964,5.127907090473332,1.7790698068989113,0.2524752475247525,0.84980237,0.35483871,0.16190476,95.8527339689449,4.081395439356326,,5.5573659919544856,5.006225679321297,0.17223540655146782,"Michael Kopech",17282,656629
"Kyle Wright","ATL",0,1,0,5,5,18.2,9.642857471290911,4.821428735645456,0.9642857471290911,0.3559322033898305,0.65217391,0.6,0.16666667,94.00612709738992,5.785714482774546,,4.433611828210404,4.103623658796151,0.16832793563800855,"Kyle Wright",19665,657140
"Peyton Battenfield","CLE",0,5,0,6,6,32.2,6.8877554371773195,2.204081739896742,1.6530613049225567,0.2631578947368421,0.65359477,0.42574257,0.14634146,91.13294770792461,4.683673697280577,,4.846877171644717,4.534247214962359,0.16801916013248103,"Peyton Battenfield",25777,685410
"Luis Cessa","CIN",1,4,0,6,6,25,3.9600003021240466,4.320000329589869,1.0800000823974671,0.4,0.57915058,0.38235294,0.11111111,92.37880045572916,9.360000714111383,,5.495040530395521,5.720660441875083,0.16788627687882224,"Luis Cessa",13345,570666
"Dean Kremer","BAL",8,4,0,17,17,91,8.109890364863544,2.3736264482527445,1.8791209382000893,0.32575757575757575,0.7518797,0.34275618,0.16521739,94.93240010146553,5.043956202537082,,5.090205252359146,4.465320086605881,0.1541345922246412,"Dean Kremer",19350,665152
"John Brebbia","SFG",0,0,0,8,8,9,10.000001125865639,4.000000450346255,1.0000001125865638,0.22727272727272727,1,0.30434783,0.11111111,94.17190357995412,1.0000001125865638,,3.810595977600717,4.019503310626548,0.15141419747653018,"John Brebbia",12777,605154
"Devin Smeltzer","MIA",0,0,0,1,1,4,6.75,2.25,0,0.2727272727272727,0.75,0.09090909,0,89.8916015625,2.25,,2.5050403594970705,6.225081805884838,0.15140148909015708,"Devin Smeltzer",19487,656970
"Trevor Richards","TOR",0,1,0,3,3,9,14,3,2,0.1875,0.96153846,0.16666667,0.18181818,92.86484723772321,3,,4.032818137274848,3.1646925032138826,0.1466190080922428,"Trevor Richards",19309,670950
"Jesse Scholtens","CHW",0,0,0,1,1,4.2,5.7857150739554095,3.8571433826369397,0,0.26666666666666666,0.66666667,0.26666667,0,92.37830352783203,3.8571433826369397,,3.2550403594970705,6.797937457785892,0.13796262828725048,"Jesse Scholtens",19205,669947
"Austin Gomber","COL",6,7,0,17,17,84,6.428571720512559,3.2142858602562794,2.0357143781623104,0.3106060606060606,0.64516129,0.44285714,0.19791667,91.07107174822988,6.642857444529644,,5.874088097483669,4.823156720938744,0.1367282385506153,"Austin Gomber",16561,596295
"Will Vest","DET",0,0,0,3,3,2.2,6.750001760200125,0,0,0.3333333333333333,1,0.33333333,0,94.98760795593262,0,,1.7550399683414877,4.2350682459844355,0.12751037432356235,"Will Vest",19769,676684
"Zack Littell","TBR",0,0,0,1,1,2,13.5,0,0,0.25,1,0,0,94.67542442908653,0,,0.2550403594970705,2.735067990422249,0.11702021997564453,"Zack Littell",15823,641793
"Randy Vásquez","NYY",1,1,0,2,2,10.1,7.8387106420099375,3.483871396448861,0.8709678491122153,0.18518518518518517,0.94827586,0.35714286,0.07692308,94.78561773532775,1.7419356982244305,,4.803427646807676,5.625386406148917,0.10885265296417555,"Randy Vasquez",24719,681190
"Adam Wainwright","STL",3,3,0,10,10,48.1,4.655172719966804,3.1655174495774268,1.4896552703893773,0.375,0.61594203,0.35602094,0.10526316,86.32814427425987,7.448276351946887,,5.42745429548158,5.875483289780645,0.10652951886307828,"Adam Wainwright",2233,425794
"Jaime Barria","LAA",1,1,0,5,5,22.1,6.850746366169863,2.820895562540532,2.014925401814666,0.26865671641791045,0.83333333,0.31944444,0.14285714,92.98173044688666,4.432835883992265,,5.7177269617149955,5.398352840225199,0.09703848927529572,"Jaime Barria",18356,642545
"Sam Moll","OAK",0,0,0,1,1,1,27,0,0,1,1,0,0,94.77762179904514,0,,-2.7449596405029295,-1.0916078865528105,0.09627481691992144,"Sam Moll",14874,594580
"Dylan Lee","ATL",0,0,0,1,1,2.2,10.125002413988689,3.3750008046628963,0,0,1,0.8,0,92.06344604492188,0,,2.130040091276105,2.7500471468286007,0.09460083826014286,"Dylan Lee",19996,669276
"Levi Stoudt","CIN",0,1,0,2,2,7,6.428571428571429,5.142857142857143,1.2857142857142858,0.42857142857142855,0.44871795,0.44827586,0.125,94.38695935235508,12.857142857142858,,5.397897502354214,5.430299506868636,0.09418435861462349,"Levi Stoudt",25650,686651
"Cole Irvin","BAL",1,3,0,6,6,25,9.000000343322768,3.240000123596196,1.8000000686645534,0.3466666666666667,0.61764706,0.3125,0.14705882,91.97774274161692,7.200000274658214,,5.055040428161624,4.703598800127352,0.09226296573959303,"Cole Irvin",19244,608344
"José De León","MIN",0,0,0,1,1,2,9,0,0,0,1,0.25,0,93.04205322265625,0,,1.2550403594970705,3.735067990422249,0.0913665328451785,"Jose De Leon",15463,592254
"Peter Lambert","COL",0,0,0,1,1,3,6,3,0,0.2222222222222222,1,0.66666667,0,93.88177897135417,0,,2.9217070261637375,4.5750587801138565,0.09107946607919876,"Peter Lambert",17969,663567
"Trevor Kelley","TBR",0,0,0,3,3,6.1,5.684210811625571,0,1.4210527029063929,0.16666666666666666,1,0.42105263,0.11111111,89.71992340087891,1.4210527029063929,,4.518198317636087,4.815066614466028,0.08752671851052311,"Trevor Kelley",18454,665001
"Joey Lucchesi","NYM",1,0,0,5,5,22.1,6.850746366169863,3.223880642903465,1.6119403214517325,0.28125,0.77868852,0.39393939,0.14285714,90.37674684162381,4.432835883992265,,5.135637401190759,4.880138103998921,0.08242110259477581,"Joey Lucchesi",19320,664192
"Brusdar Graterol","LAD",0,0,0,1,1,2,13.5,4.5,0,0,1,1,0,,0,,1.7550403594970705,1.7550403594970705,0.08199580112998828,"Brusdar Graterol",20367,660813
"Bryan Hoeing","MIA",0,2,0,5,5,21.1,5.9062503520399545,3.375000201165688,1.265625075437133,0.25757575757575757,0.64516129,0.4057971,0.09375,93.65072336504537,5.484375326894243,,5.03629046566785,5.688193135449456,0.07735301813204207,"Bryan Hoeing",26304,663773
"Jesse Chavez","ATL",0,0,0,1,1,2.1,11.571430147910819,3.8571433826369397,0,0.25,1,0.25,0,,0,,3.2550403594970705,4.672199198812599,0.07432030037157278,"Jesse Chavez",5448,445926
"Josh Staumont","KCR",0,0,0,1,1,1,18,0,0,0,1,0,0,96.25491943359376,0,,-0.7449596405029295,0.9083921134471895,0.06971486769101332,"Josh Staumont",18335,622251
"Taylor Clarke","KCR",0,0,0,1,1,2,4.5,0,0,0,1,0.4,0,94.7021993001302,0,,2.2550403594970705,4.735067990422249,0.0692464406988697,"Taylor Clarke",17611,664199
"Caleb Ferguson","LAD",0,1,0,1,1,1,18,0,0,0.75,0.66666667,0.5,0,95.99237467447917,9,,-0.7449596405029295,0.9083921134471895,0.06921345062103829,"Caleb Ferguson",19349,657571
"Matt Barnes","MIA",0,0,0,1,1,1,18,0,0,0.6666666666666666,1,0.33333333,0,95.0362548828125,0,,-0.7449596405029295,2.5617438673973085,0.06892309493592484,"Matt Barnes",12863,598264
"Shawn Armstrong","TBR",0,0,0,1,1,2,4.5,0,0,0.16666666666666666,1,0.5,0,93.50490025111607,0,,2.2550403594970705,3.08171623647213,0.06589075075840548,"Shawn Armstrong",12857,542888
"Jake Bird","COL",0,0,0,1,1,2,4.5,0,0,0.3333333333333333,1,0.16666667,0,,0,,3.7550403594970705,6.235067990422249,0.06461259844632695,"Jake Bird",21267,656234
"Ryan Weathers","SDP",1,5,0,9,9,38,6.157895045927702,3.5526317572659822,1.6578948200574584,0.3474576271186441,0.64575646,0.41129032,0.14893617,95.23020867330287,6.394737163078768,,5.544514158624037,5.194712363057238,0.06257632889111246,"Ryan Weathers",23796,677960
"Noah Syndergaard","LAD",1,4,0,12,12,55.1,6.180722927074679,1.4638554300966344,1.951807240128846,0.3259668508287293,0.60693642,0.39583333,0.17910448,92.82956360433704,7.156626547139102,,5.514076517053605,4.696749419249449,0.05940588404335112,"Noah Syndergaard",11762,592789
"Derek Law","CIN",0,0,0,2,2,2.2,3.3750008046628963,6.750001609325793,0,0.14285714285714285,1,0.57142857,0,94.96260172526041,0,,4.755040717125024,5.995054828230016,0.04976470835256329,"Derek Law",13133,571882
"Mason Englert","DET",0,0,0,1,1,2.2,3.3750008046628963,3.3750008046628963,0,0.3,0.75,0.5,0,90.84710693359375,3.3750008046628963,,3.630040448904059,4.87005456000905,0.046199326607965004,"Mason Englert",22288,669438
"Keegan Akin","BAL",0,0,0,1,1,1,9,0,0,0.5,0.5,0.33333333,0,93.51081085205078,9,,1.2550403594970705,2.9083921134471895,0.044624056595744956,"Keegan Akin",19362,669211
"Scott Alexander","SFG",0,0,0,1,1,1,9,0,0,0,1,0.5,0,,0,,1.2550403594970705,2.9083921134471895,0.04404983019566622,"Scott Alexander",10591,518397
"Jimmy Cordero","NYY",0,0,0,1,1,2,0,0,0,0,1,0.5,0,,0,,3.2550403594970705,4.08171623647213,0.04193413217569741,"Jimmy Cordero",15690,622772
"Drey Jameson","ARI",0,1,0,3,3,8.2,8.307692917141027,7.269231302498399,1.0384616146426284,0.32,0.75342466,0.53846154,0.11111111,97.88813410578547,5.192308073213143,,5.331963588782328,5.548905810722237,0.03954215704202494,"Drey Jameson",26260,686753
"Nick Lodolo","CIN",2,1,0,7,7,34.1,12.320388805811199,2.6213593203853613,2.6213593203853613,0.43478260869565216,0.81132075,0.46,0.27027027,93.86154840225564,6.291262368924867,,5.789021035869586,3.7843806187954785,0.037454709272730126,"Nick Lodolo",26378,666157
"Noah Davis","COL",0,2,0,4,4,15.2,8.042553517871351,5.170212975774439,1.7234043252581464,0.375,0.63432836,0.54901961,0.17647059,,7.468085409451968,,5.872061742296478,5.176762553472608,0.03477491926199779,"Noah Davis",25862,663562
"Nick Martinez","SDP",1,1,0,4,4,24.2,6.2027028625772545,4.378378491231003,1.459459497077001,0.2,0.77868852,0.54054054,0.18181818,93.05262493265086,4.0135136169617525,,5.4442296051125725,4.810732504469438,0.03435851799778646,"Nick Martinez",12730,607259
"Josh Taylor","KCR",0,1,0,1,1,1,18,9,0,0.5,0.5,1,0,93.159912109375,0,,2.2550403594970705,2.2550403594970705,0.03430316473049198,"Josh Taylor",17359,657031
"José Urquidy","HOU",2,2,0,6,6,27.2,7.481928140682091,3.25301223507917,1.9518073410475019,0.3253012048192771,0.78651685,0.3258427,0.15,93.42593853290265,5.204819576126671,,5.604438084832026,5.175549029758676,0.02796501343096089,"Jose Urquidy",18413,664353
"Caleb Kilian","CHC",0,1,0,1,1,3.1,10.80000102996836,5.40000051498418,0,0.6666666666666666,0.5,0.35714286,0,93.84613037109375,18.90000180244463,,4.455040473938,5.447051620913626,0.025173405664796818,"Caleb Kilian",26213,668873
"Brendan White","DET",0,0,0,1,1,1.1,6.750001609325793,6.750001609325793,0,0.25,1,0.5,0,95.41697340745192,0,,4.0050405383110474,6.485068760521031,0.017480078747699693,"Brendan White",26024,686839
"Chase Silseth","LAA",0,1,0,1,1,3.1,13.50000128746045,2.70000025749209,2.70000025749209,0.5,0.53571429,0.45454545,0.33333333,94.58896771599265,10.80000102996836,,5.055040531158465,2.6430568796888854,0.01539571624531292,"Chase Silseth",30074,681217
"Collin McHugh","ATL",0,0,0,1,1,1.2,10.800004119874618,10.800004119874618,0,0.6666666666666666,0.625,0.5,0,,0,,4.455040817260917,7.431075109638119,0.014291509661755209,"Collin McHugh",7531,543521
"Jimmy Lambert","CHW",0,0,0,1,1,1,0,9,0,0.25,1,0.5,0,94.5028076171875,0,,6.2550403594970705,9.561743867397308,0.012958929330916148,"Jimmy Lambert",19541,669424
"Tyler Holton","DET",0,0,0,1,1,1,9,9,0,0,1,1,0,91.18980407714844,0,,4.2550403594970705,4.2550403594970705,0.010365266488555677,"Tyler Holton",26231,663947
"Connor Brogdon","PHI",0,0,0,1,1,0.2,13.500014081612017,13.500014081612017,0,0.6666666666666666,1,1,0,95.25886086856617,0,,4.755041924120628,4.755041924120628,0.006114794874866591,"Connor Brogdon",21205,641401
"Alex Wood","SFG",2,2,0,9,9,37.1,8.437500718448904,4.580357532872262,1.2053572454927006,0.29523809523809524,0.69811321,0.46226415,0.11627907,,5.062500431069343,,5.049683369452869,5.212918885669838,-0.001220807549805289,"Alex Wood",13781,622072
"Michael Grove","LAD",0,2,0,7,7,31,9.000000276873196,2.9032258957655475,2.322580716612438,0.35555555555555557,0.60301508,0.36734694,0.20512821,94.82021528563348,7.838709918566978,,5.674395272635026,4.399579698063922,-0.0014580535661651204,"Michael Grove",23221,675627
"Tyler Alexander","DET",0,1,0,1,1,3,9,0,3,0,1,0.42857143,0.25,90.56689453125,3,,5.588373692830404,3.459509364763896,-0.01288563911846675,"Tyler Alexander",17735,641302
"Jose Cuas","KCR",0,0,0,1,1,1.1,6.750001609325793,6.750001609325793,0,0.5,0.5,0.25,0,91.5501220703125,13.500003218651585,,6.255041074752978,8.735069296962962,-0.013570088909359975,"Jose Cuas",17701,621016
"Victor González","LAD",0,0,0,1,1,0.2,0,13.500014081612017,0,0,1,1,0,,0,,7.755045053367743,7.755045053367743,-0.016425301892932394,"Victor Gonzalez",16408,624647
"Gavin Stone","LAD",0,0,0,3,3,10,4.5,6.3,0.9,0.4782608695652174,0.45454545,0.39130435,0.08333333,93.81748580932617,14.4,,5.65504035949707,6.339062464237213,-0.01949765974851383,"Gavin Stone",27792,694813
"Tommy Milone","SEA",0,0,0,1,1,4.2,5.7857150739554095,3.8571433826369397,1.9285716913184698,0.15384615384615385,1,0.35714286,0.16666667,86.97819438733552,1.9285716913184698,,6.04075502473486,5.380778618470364,-0.01953395359653927,"Tommy Milone",7608,543548
"Robbie Ray","SEA",0,1,0,1,1,3.1,8.10000077247627,13.50000128746045,0,0.36363636363636365,0.44444444,0.4,0,93.89236749387256,8.10000077247627,,5.9550406169891605,7.443057337452601,-0.03208436455193317,"Robbie Ray",11486,592662
"Janson Junk","MIL",0,1,0,1,1,4.2,3.8571433826369397,3.8571433826369397,1.9285716913184698,0.3157894736842105,0.52631579,0.61111111,0.25,91.63323653371711,7.714286765273879,,6.46932651169452,5.100770685772259,-0.03274565842147927,"Janson Junk",23301,676083
"Javy Guerra","TBR",0,0,0,2,2,1.2,5.400002253056512,16.200006759169536,0,0.2,1,0.2,0,96.86433762770433,0,,7.455042111874358,9.439065044413375,-0.04254848909201606,"Javy Guerra",17292,642770
"Touki Toussaint","CLE",0,1,0,1,1,3.2,4.909091760304496,12.272729400761241,0,0.25,0.75,0.54545455,0,92.89887152777777,4.909091760304496,,6.255040879683151,7.6077834583834045,-0.042681190304722005,"Touki Toussaint",16929,657053
"Spencer Turnbull","DET",1,4,0,7,7,31,6.96774236419077,4.354838977619231,1.4516129925397439,0.32653061224489793,0.60416667,0.48514851,0.15151515,,7.258064962698719,,5.545363081059778,5.2086084758354385,-0.04419132016085043,"Spencer Turnbull",16207,605513
"Keaton Winn","SFG",0,1,0,1,1,6,4.5,1.5,1.5,0.125,0.86956522,0.4375,0.2,96.53404325597427,3,,5.9217070261637375,5.132833487788837,-0.0471828437843342,"Keaton Winn",23499,676775
"Jhony Brito","NYY",3,4,0,11,11,46.1,6.410072390485067,4.079136975763224,1.553956943147895,0.2537313432835821,0.72490706,0.44680851,0.13333333,96.00767756870815,5.050360065230659,,5.564393038897414,5.460819763392014,-0.051305508529703295,"Jhony Brito",25386,666745
"Dinelson Lamet","COL",0,3,0,4,4,15,10.8,6,2.4,0.45454545454545453,0.54421769,0.41666667,0.2,94.88043745737227,10.8,,6.521707026163737,5.259509364763896,-0.06398848541585021,"Dinelson Lamet",17186,659275
"Mike Mayers","KCR",0,0,0,2,2,9.2,8.379310895940248,1.8620690879867217,2.7931036319800824,0.39285714285714285,0.76271186,0.43333333,0.3,93.10623650801809,6.517241807953526,,6.048143991477152,3.7240249633943363,-0.06545437791977148,"Mike Mayers",15451,594577
"Hogan Harris","OAK",1,2,0,3,3,16.1,6.061224607763964,2.7551020944381652,2.2040816755505324,0.26,0.73170732,0.37735849,0.15384615,92.19547097724781,4.959183769988698,,6.010142453935236,5.458335031116149,-0.0658428472374134,"Hogan Harris",21520,663687
"Ian Hamilton","NYY",0,0,0,1,1,1,18,0,9,0.6666666666666666,1,0.25,1,96.00026633522727,9,,12.25504035949707,0.9083921134471895,-0.07223581564200554,"Ian Hamilton",19261,641656
"Connor Seabold","COL",1,4,0,10,10,48,6.1875002458691695,3.187500126659875,2.0625000819563897,0.2733333333333333,0.64236111,0.32911392,0.14285714,92.74846344678392,6.1875002458691695,,6.171707142061662,5.8447922343662135,-0.0754473780831423,"Connor Seabold",19695,657756
"Austin Pruitt","OAK",0,1,0,2,2,2,4.5,0,4.5,0.4444444444444444,0.83333333,0.5,0.25,91.4388822667739,9,,8.75504035949707,5.5617438673973085,-0.07811606654431329,"Austin Pruitt",15290,643493
"Kaleb Ort","BOS",0,0,0,2,2,4.1,10.384616146426286,2.076923229285257,4.153846458570514,0.2222222222222222,0.90909091,0.45454545,0.4,96.3156837257179,6.230769687855771,,7.639656065765946,3.5473693278077176,-0.07970636945759726,"Kaleb Ort",20061,672391
"Joey Wentz","DET",1,9,0,15,15,67.1,8.287129338869102,3.8762379165678054,2.004950646500589,0.33653846153846156,0.6344086,0.37837838,0.16304348,93.8723739996189,6.950495574535376,,5.601575190216279,4.964570607891101,-0.08552886459316535,"Joey Wentz",19962,666214
"Brandon Bielak","HOU",3,4,0,8,8,43.1,6.4384620107842965,3.1153848439278855,1.8692309063567314,0.34306569343065696,0.82491582,0.5,0.1875,92.00034886410361,4.36153878149904,,5.631963610790198,4.763368566830577,-0.08921949348439635,"Brandon Bielak",19866,656232
"Yonny Chirinos","TBR",1,2,0,4,4,21,4.285714674969144,3.428571739975315,1.2857144024907432,0.2857142857142857,0.55555556,0.43835616,0.12,92.9967758178711,6.428572012453716,,5.588373904758049,5.699506955268641,-0.08941688895478393,"Yonny Chirinos",16401,630023
"Adam Oller","OAK",0,0,0,1,1,2.1,7.714286765273879,3.8571433826369397,3.8571433826369397,0.5833333333333334,0.34883721,0.23076923,0.25,93.45914087540064,27.00000367845858,,9.68361266389197,6.946501012047448,-0.10522747607143819,"Adam Oller",20132,670124
"Luis L. Ortiz","PIT",2,3,0,9,9,45.1,5.955882645292692,4.566176694724398,1.389705950568295,0.2887323943661972,0.75562701,0.52348993,0.15909091,96.11212768554688,4.169117851704884,,5.527099294553171,5.124470094800053,-0.1098260163790382,"Luis L. Ortiz",27646,682847
"Brad Keller","KCR",3,4,0,9,9,43.1,6.4384620107842965,8.307692917141027,0.6230769687855771,0.3064516129032258,0.76441103,0.57480315,0.08333333,,4.36153878149904,,5.701194385099706,6.174748184659505,-0.11039416510420487,"Brad Keller",15734,641745
"Matt Waldron","SDP",0,1,0,1,1,4.2,3.8571433826369397,1.9285716913184698,3.8571433826369397,0.14285714285714285,1,0.4375,0.28571429,92.30961390904018,3.8571433826369397,,8.61218394649282,5.520782584819416,-0.11774454404792192,"Matt Waldron",25550,663362
"Connor Overton","CIN",0,1,0,3,3,11,7.363636363636363,5.7272727272727275,2.4545454545454546,0.4444444444444444,0.55045872,0.38461538,0.1875,91.66399207481972,11.454545454545455,,7.073222177678889,5.932642910697243,-0.124114328163555,"Connor Overton",18376,656818
"Austin Cox","KCR",0,1,0,1,1,3.2,4.909091760304496,9.818183520608992,2.454545880152248,0.25,0.60606061,0.30769231,0.25,90.67281494140624,9.818183520608992,,8.982314079852316,7.240515691232739,-0.1266040815084187,"Austin Cox",24604,680735
"José Butto","NYM",0,1,0,2,2,9.2,2.7931036319800824,9.310345439933608,0.9310345439933608,0.24242424242424243,0.90909091,0.57575758,0.125,93.9516004197141,2.7931036319800824,,7.082626818136443,7.1060903401900966,-0.1329593369653,"Jose Butto",23313,676130
"Nick Pivetta","BOS",3,3,0,8,8,40,9.450000225305562,4.275000101923945,2.025000048279763,0.3090909090909091,0.66793893,0.33050847,0.18367347,94.16141938398229,6.300000150203709,,5.73004041850567,4.830396295645379,-0.13643307452062814,"Nick Pivetta",15454,601713
"Louie Varland","MIN",3,3,0,10,10,56,8.67857172416182,2.5714286590109094,2.250000076634546,0.2948717948717949,0.76655052,0.4260355,0.20588235,94.89856490500482,5.303571609210001,,5.487183292666263,4.244824665862639,-0.14254671081408896,"Louie Varland",27691,686973
"Sean Manaea","SFG",1,2,0,6,6,22.2,11.117647838427589,5.558823919213794,1.9852942568620693,0.36666666666666664,0.51351351,0.29230769,0.18518519,93.6596250180845,7.544118176075863,,5.902099368646496,5.003885953748618,-0.1460552401711635,"Sean Manaea",15873,640455
"Karl Kauffmann","COL",0,3,0,3,3,12.2,4.973684460172375,4.973684460172375,2.131579054359589,0.41304347826086957,0.50387597,0.39583333,0.15789474,90.09700590988686,11.368421623251143,,7.123461606297807,6.524541838740122,-0.1475929936827061,"Karl Kauffmann",27488,666154
"Antonio Senzatela","COL",0,1,0,2,2,7.2,4.695652563315065,2.3478262816575324,3.521739422486299,0.19047619047619047,1,0.54166667,0.42857143,94.15911045359142,4.695652563315065,,8.081127716237553,4.503752934048493,-0.156184875226048,"Antonio Senzatela",15488,622608
"Javier Assad","CHC",0,0,0,1,1,3,9,6,6,0.14285714285714285,1,0.33333333,0.33333333,94.2933349609375,6,,11.921707026163737,6.561743867397309,-0.1615194829699419,"Javier Assad",21741,665871
"Alec Marsh","KCR",0,1,0,1,1,4,11.25,9,4.5,0.36363636363636365,0.69444444,0.15384615,0.22222222,94.84197215544872,11.25,,10.25504035949707,7.475081805884838,-0.161995828548259,"Alec Marsh",27451,679525
"Matt Manning","DET",1,1,0,3,3,17.1,5.711538880534457,3.6346156512491996,2.076923229285257,0.22448979591836735,0.86206897,0.37735849,0.14285714,93.26064590669014,4.153846458570514,,6.370425203424956,6.0412241664251045,-0.16952670584528018,"Matt Manning",20369,666159
"Ross Stripling","SFG",0,2,0,5,5,21.2,5.81538478603025,2.4923077654415353,2.0769231378679462,0.3194444444444444,0.64285714,0.48051948,0.27777778,91.9462038675944,6.646154041177428,,5.931963514971312,4.305517232065256,-0.17103678765384217,"Ross Stripling",13273,548389
"Ryan Walker","SFG",0,0,0,4,4,4.2,11.571430147910819,7.714286765273879,3.8571433826369397,0.45454545454545453,1,0.38461538,0.33333333,,3.8571433826369397,,8.826469689972651,5.380778618470364,-0.17387077795885217,"Ryan Walker",20423,676254
"Matt Dermody","BOS",0,1,0,1,1,4,2.25,2.25,4.5,0.16666666666666666,0.9375,0.5,0.5,91.78066618546195,6.75,,10.75504035949707,5.9083921134471895,-0.17452526966099624,"Matt Dermody",14844,571616
"Justin Garza","BOS",0,1,0,1,1,1,18,0,18,0.6666666666666666,0.83333333,0.2,1,94.3677509014423,27,,25.25504035949707,2.5617438673973085,-0.1857593582423131,"Justin Garza",19784,621057
"Chad Kuhl","WSN",0,2,0,5,5,22,7.363637002046499,6.545455112930221,2.045454722790694,0.3283582089552239,0.56756757,0.28169014,0.13888889,92.92216572008635,9.409091724837193,,6.891404311124971,6.642343523268541,-0.2050525458112055,"Chad Kuhl",14975,641771
"Reiss Knehr","SDP",0,1,0,1,1,2,4.5,9,9,0.4444444444444444,0.57692308,0,0.4,93.79978249289773,22.5,,18.25504035949707,9.388419744372367,-0.21205437625806456,"Reiss Knehr",21541,663753
"Dylan Covey","PHI",0,1,0,1,1,0.2,0,0,27.000028163224034,0.5714285714285714,-0.3125,0.66666667,0.66666667,,67.50007040806008,,42.255081039709566,10.695131012891915,-0.21644698237572552,"Dylan Covey",14825,592229
"Denyi Reyes","NYM",0,1,0,1,1,1,9,9,18,0.6,0.3125,0.28571429,0.66666667,91.56406656901042,45,,30.25504035949707,9.215095621347427,-0.22631331485076828,"Denyi Reyes",20526,660593
"Johnny Cueto","MIA",0,1,0,1,1,1,0,9,18,0.25,0,0,0.4,90.40628814697266,36,,32.25504035949707,14.521799129247665,-0.22652711093135028,"Johnny Cueto",6893,456501
"AJ Smith-Shawver","ATL",1,0,0,3,3,14.1,7.534884389379137,3.139535162241307,3.139535162241307,0.21052631578947367,0.75,0.34883721,0.20833333,94.29094935825893,5.023256259586091,,7.3713197944356725,5.604838853640755,-0.24639541791398384,"AJ Smith-Shawver",29960,700363
"Chase Anderson","COL",0,3,0,9,9,40.2,7.08196765599283,3.3196723387466394,2.4344263817475356,0.3252032520325203,0.68345324,0.35606061,0.21153846,93.52588850297268,7.303279145242606,,6.6730733601324985,5.270801744704098,-0.2532779523859325,"Chase Anderson",6895,502624
"Luis Medina","OAK",1,6,0,8,8,39,7.846154038017323,5.538461673894581,1.8461538912981936,0.30434782608695654,0.62724014,0.45901639,0.21621622,96.05772141127558,6.923077092368226,,6.024271196444361,4.926168987442375,-0.2715790877269642,"Luis Medina",21649,665622
"Grayson Rodriguez","BAL",2,2,0,10,10,45.1,11.11764760454636,4.169117851704884,2.5808824796268333,0.371900826446281,0.67434211,0.3880597,0.27083333,96.88918646714443,7.3455885958609874,,5.902099312960489,3.9247657789067514,-0.2740160507981013,"Grayson Rodriguez",24492,680570
"Jake Woodford","STL",1,2,0,6,6,28.1,5.717647507875471,3.176470837708595,2.2235295863960167,0.32222222222222224,0.79081633,0.55670103,0.25925926,92.69675931063566,5.717647507875471,,6.5726876788816035,4.936469810023096,-0.28228085272803904,"Jake Woodford",18674,663765
"Michael Soroka","ATL",1,1,0,3,3,15.2,6.893617301032585,3.4468086505162927,2.872340542096911,0.2765957446808511,0.73684211,0.54901961,0.33333333,93.43899581681437,6.893617301032585,,7.403976698081497,4.838036783903059,-0.291635313406142,"Michael Soroka",18383,647336
"Chris Flexen","SEA",0,4,0,4,4,17.1,6.750000123794265,4.15384623002724,2.596153893767025,0.3793103448275862,0.53571429,0.4516129,0.22727273,92.22059913917825,10.3846155750681,,6.889655810770906,5.23814069895745,-0.3079773897044496,"Chris Flexen",13896,623167
"Hayden Wesneski","CHC",2,3,0,10,10,47,6.893617301032585,2.106383064204401,2.489361803150656,0.2589928057553957,0.66964286,0.3537415,0.22807018,93.93523615056819,5.553191714720694,,6.212487288026482,4.621871265500896,-0.3134194054475822,"Hayden Wesneski",27581,669713
"Luis Severino","NYY",1,3,0,8,8,40,7.6500003647804435,4.050000193119058,2.2500001072883657,0.304,0.64814815,0.38345865,0.18181818,96.55460744304709,6.300000300407424,,6.3050405049324105,5.328399120043933,-0.3315672861551897,"Luis Severino",15890,622663
"Kyle Muller","OAK",1,4,0,11,11,52,6.403846271291995,4.673077008780645,1.7307692625113498,0.3693181818181818,0.65934066,0.47826087,0.18181818,93.25667094983552,7.788461681301074,,6.062732718682149,5.311470136966701,-0.34802625985024277,"Kyle Muller",20167,666205
"Shintaro Fujinami","OAK",0,6,0,7,7,17.2,7.132076137428373,6.1132081177957485,2.0377360392652495,0.36065573770491804,0.36723164,0.41538462,0.13793103,97.93517505163435,14.264152274856746,,7.1607011014221325,6.931297355360952,-0.3592528868224118,"Shintaro Fujinami",31839,660261
"Josh Fleming","TBR",0,0,0,3,3,14,4.5,3.2142857142857144,3.2142857142857144,0.37735849056603776,0.65217391,0.46551724,0.33333333,91.28431252872242,8.357142857142858,,7.969326073782785,5.097917238729341,-0.36052245031744795,"Josh Fleming",20418,676596
"Corey Kluber","BOS",2,6,0,9,9,41.2,7.344000280151378,3.8880001483154354,2.3760000906372105,0.2777777777777778,0.65891473,0.30882353,0.17460317,88.66034460067749,6.2640002389526455,,6.567040485839849,5.6349083022544075,-0.380138469567508,"Corey Kluber",2429,446372
"Madison Bumgarner","ARI",0,3,0,4,4,16.2,5.40000020599366,8.10000030899049,2.160000082397464,0.35,0.59322034,0.375,0.15384615,89.59771623282597,10.260000391387955,,8.055040542602546,7.514269258135944,-0.40449892082604777,"Madison Bumgarner",5524,518516
"Eric Lauer","MIL",3,5,0,8,8,37.1,8.43750050291422,4.339285972927313,2.6517858723444694,0.3076923076923077,0.70175439,0.25217391,0.19642857,91.13533279522747,5.785714630569751,,6.656826276545026,5.306496684127146,-0.4150128930731728,"Eric Lauer",19316,641778
"Ronel Blanco","HOU",2,0,0,5,5,28,7.392857394656365,4.821428735645456,2.892857241387273,0.2,0.90551181,0.3164557,0.2195122,94.38626569301928,4.821428735645456,,7.397897643459092,5.64030550902282,-0.44943645126318194,"Ronel Blanco",19407,669854
"Carlos Carrasco","NYM",2,3,0,11,11,53,6.622641747767673,4.415094498511782,2.0377359223900533,0.2830188679245283,0.72649573,0.46783626,0.21428571,92.6816541671753,5.943396440304322,,6.424851794326042,5.228393227140062,-0.48285810144044994,"Carlos Carrasco",6632,471911
"José Suarez","LAA",1,2,0,6,6,24.1,7.767123693551034,5.547945495393596,3.3287672972361575,0.358974358974359,0.63451777,0.32941176,0.21428571,92.62822955587636,9.616438858682233,,8.1865474665136,6.232058610923623,-0.4933169814536293,"Jose Suarez",19911,660761
"Dylan Dodd","ATL",2,1,0,5,5,24.1,4.438356222366388,2.9589041482442586,2.9589041482442586,0.3411764705882353,0.74712644,0.3655914,0.18604651,92.21382589008084,7.397260370610647,,7.652300690915622,6.300004457626789,-0.5036262966181713,"Dylan Dodd",29928,689266
"Brandon Pfaadt","ARI",0,3,0,6,6,25.2,7.363636819643592,3.5064937236398057,3.155844351275825,0.35802469135802467,0.57692308,0.26666667,0.2195122,93.48583984375,9.818182426191456,,7.462832827864837,5.545459536866348,-0.5058868539577633,"Brandon Pfaadt",27782,694297
"Alek Manoah","TOR",1,7,0,13,13,58,7.448276233304572,6.5172417041415,1.7068966367989644,0.32386363636363635,0.70281124,0.37837838,0.14864865,92.97877302565895,6.362069282614322,,6.496419831398134,6.140351361794291,-0.5264031644329217,"Alek Manoah",26410,666201
"Drew Rucinski","OAK",0,4,0,4,4,18,3.0000003178914727,7.000000741746769,2.5000002649095605,0.3188405797101449,0.57142857,0.44594595,0.18518519,89.54986083984375,9.000000953674418,,8.69948538085567,7.5684017808158055,-0.5581484532865532,"Drew Rucinski",12499,607968
"José Ureña","COL",0,4,0,5,5,18.1,4.41818235444635,6.8727281069165445,4.41818235444635,0.29508196721311475,0.66901408,0.44285714,0.33333333,95.84754748222156,9.818183009880778,,10.94595038390368,6.999067942479621,-0.7875643006264573,"Jose Urena",11589,570632
"Ken Waldichuk","OAK",1,3,0,11,11,48.2,7.952055210064154,5.178082462367357,2.5890412311836783,0.32167832167832167,0.74229692,0.3525641,0.20895522,93.21084279027478,6.657534594472315,,7.138602206272587,5.6750658458484615,-0.8007649360002451,"Ken Waldichuk",27681,686610